This file was created by CMPT_IND_RETS using the 201902 CRSP database.,,,,,,,,,,,,,,,,,,,,,,,,,,,,,,
It contains value- and equal-weighted returns for 30 industry portfolios.,,,,,,,,,,,,,,,,,,,,,,,,,,,,,,
,,,,,,,,,,,,,,,,,,,,,,,,,,,,,,
The portfolios are constructed at the end of June.,,,,,,,,,,,,,,,,,,,,,,,,,,,,,,
,,,,,,,,,,,,,,,,,,,,,,,,,,,,,,
The annual returns are from January to December.,,,,,,,,,,,,,,,,,,,,,,,,,,,,,,
,,,,,,,,,,,,,,,,,,,,,,,,,,,,,,
Missing data are indicated by -99.99 or -999.,,,,,,,,,,,,,,,,,,,,,,,,,,,,,,
,,,,,,,,,,,,,,,,,,,,,,,,,,,,,,
,,,,,,,,,,,,,,,,,,,,,,,,,,,,,,
  Average Equal Weighted Returns -- Monthly,,,,,,,,,,,,,,,,,,,,,,,,,,,,,,
,Food ,Beer ,Smoke,Games,Books,Hshld,Clths,Hlth ,Chems,Txtls,Cnstr,Steel,FabPr,ElcEq,Autos,Carry,Mines,Coal ,Oil  ,Util ,Telcm,Servs,BusEq,Paper,Trans,Whlsl,Rtail,Meals,Fin  ,Other
199811,1.88,0.25,20.13,11.81,13.87,5.07,6.65,7.25,5.71,3.19,0.9,1.88,6.02,4.6,4.86,3.73,2.96,7.16,-12.08,1.76,10.67,14.57,15.26,5.67,5.07,10.98,22.95,2.49,4.34,3.26
199812,1.35,-2.18,19.73,1.93,6.38,-1.04,17.92,2.03,-1.93,2.42,0.99,-4.53,0.22,-0.07,3.03,-3.27,-3.27,7.13,-10.38,2.56,6.51,6.56,3.93,0.63,1.68,1.5,7.43,1.46,0.89,0.19
199901,2.34,4.58,-6.84,16.4,4.07,6.95,5.94,8.87,-1.06,-5.44,5.87,4.86,8.83,4.96,3.22,0.73,5.8,-2.05,-0.87,-5.52,18.42,12.77,15.42,1.96,3.67,9.91,2.86,9.89,1.71,2
199902,-3.31,-4.43,-10.22,-0.73,-3.46,-2.26,0.38,-7.23,-2.52,-8.9,-4.89,-7.45,-6.83,-4.81,-6.1,-6.43,-0.15,-3.65,-10.44,-3.7,-6.32,-7.19,-7.39,-4.84,-5.54,-6.75,-4.67,-0.52,-0.59,-4.5
199903,-4.65,-10.32,-1.62,-0.64,-4.13,-3.38,-6.36,-1.89,-2.34,-6.57,-3.77,-7.46,-4.21,-1.99,-5,-1.06,-3.42,26.11,21.09,-0.99,7.16,-1.38,-0.77,-0.6,-2.49,-4,0.07,-2.59,-1.83,-2.15
199904,3.33,4.7,4.31,12.89,8.04,6.36,8.33,3.23,17.21,7.43,10.08,20.9,15.42,8.55,14.18,8.65,13.55,7.6,14.87,5.99,21.31,6.11,11.93,9.66,8.86,8.92,7.54,4.42,6.3,7.83
199905,5.62,-0.86,9.11,5.12,2.98,5.55,4.92,5.92,-1.14,4.78,3.02,0.97,3.44,6.31,3.38,3.78,-2.05,4.36,-0.04,6.92,2.71,4.72,7.03,2.64,1.43,1.69,1.86,5.96,0.68,5.94
199906,4.27,2.79,-0.7,0.77,-1.05,5.39,1.07,3.69,2.52,-0.23,3.11,7.41,6.28,3.26,3.81,2.41,3.51,-14.31,3.8,0.95,7.09,3.32,9.4,1.75,3.37,3.69,3.58,0.8,1.96,2.99
199907,-0.77,5.67,-6.33,-0.92,3.04,-1.99,-3.98,3.92,1.02,-5.79,-2.64,2.91,0.22,0.89,0.99,4.3,-8.31,-0.09,4.48,2.22,2.21,-0.93,4.4,0.32,1.56,-0.39,-1.35,-0.35,-0.1,1.62
199908,-4.34,-5.4,-3.2,-6.45,-6.55,-6.49,-6.35,-1.61,-3.53,-7.71,-5.38,-3.6,-3.53,-2.87,-4.72,-5.59,2.15,-0.28,2.45,0.72,-2.26,-4.08,0.68,-7.21,-3.07,-5.6,-8.37,-8.09,-3.84,-5.08
199909,-3.32,-2.82,-2.77,-0.37,-1.24,-6.61,-4.94,-1.39,-4.74,-7.93,-4.08,-5.52,-3.27,-3.09,-6.83,-3.77,14.36,-5.74,-0.08,-2.53,1.08,1.68,0.72,-3.46,-4.99,-4.21,-1.02,-4.15,-3.24,-3.05
199910,-0.68,0.18,-15.36,-2.39,-1.28,-2.72,-1.34,-2.69,-5.8,-1.94,-3.37,-4.84,-1.45,-3.04,-6.26,-2.47,-4.48,-1,-7,2.02,8.86,1.82,4.08,-3.16,-1.4,-4.42,-1.44,-4.85,1.67,-1.62
199911,-1.47,-2.88,8.77,8.06,1.35,1.44,-2.78,13.24,5.03,5.2,3.43,4.68,3.63,7.46,0.46,1.33,-2.42,-5.83,-1.36,-2.49,14.4,23.69,26.21,0.54,1.62,9.59,6.67,2.59,0.59,5.49
199912,-1.89,0.51,-6.21,0.3,3.8,4.64,-0.49,15.88,4.44,6.9,0.05,9.57,6.18,8.94,0.71,2.68,1.18,3.68,0.59,-1.76,20.49,23.15,21.25,3.16,2.87,8.25,-1.57,-0.05,-1.26,6.32
200001,1.46,3.52,12.73,5.56,1.47,2.93,-0.5,23.99,-0.99,1.53,0.62,-1.81,10.51,19.02,1.5,-2.83,-2.83,10.13,7.36,2.38,4.21,4.57,15.84,-2.09,-1.22,7.29,-4.87,2.06,-2.44,6.27
200002,8.96,-1.62,-6.25,5.43,5.41,5.94,0.96,42.84,1.75,-5.3,4.78,1.84,10.29,21.2,-0.98,-1.45,14.58,-0.67,4.82,-4.37,21.89,19.02,39.32,2.1,0.6,5.07,0.92,1.85,-1.4,6.02
200003,3.92,0.92,-3.01,1.31,9.06,1.33,7.04,-8.98,9.68,-0.05,5.03,1.65,2.59,4.08,4.6,9.45,-3.83,-7.19,17.87,6,-2.76,-3.82,-1.2,3.99,6.08,-0.46,6.81,1.65,1.84,2.2
200004,-3.85,0.27,7.26,-8.69,-8.93,-4.29,-3.36,-13.72,-4.79,-0.11,-1.91,-2.49,-4.83,-6.7,-3.66,5.49,-4.66,-11.99,-3.46,5.55,-17.52,-19.9,-16.16,-3.22,-2.39,-6.16,-7.18,0.36,-1.78,-7.32
200005,3.22,2.33,12,-6.83,-3.36,-4.48,-7.48,-7.32,-3.11,-7.22,-4.94,-6.07,-5.21,-6.17,-8.15,1.16,-5.07,4.66,16.83,2.3,-13.75,-13.44,-12.65,-2.38,-4.88,-6.26,-6.85,-2.69,0.18,-6.2
200006,2.48,0.67,7.16,3.9,7.06,3.62,1.02,19.11,0.12,-3.52,2.6,-2.75,8.36,16.34,-1.71,-1.67,-4.14,5.55,3.35,-3.02,10.41,12.02,18.55,-2.33,3.06,2.87,0.45,2.7,1.16,6.76
200007,0.03,2.57,4.9,-2.49,-1.39,-1.74,2.21,-2.45,-0.71,4.46,0.36,3.33,-2.88,-3.79,0.27,3.4,-6.84,8.14,-6.54,5.25,-9.72,-7.34,-6.17,2.55,4.22,-2.36,-3.15,-1.74,2.84,-0.94
200008,-1.38,16.12,24.18,3.17,1.33,4.21,5.89,12.8,2.32,-3.31,7.69,4.78,5.89,7.42,4.51,6.93,3.18,10.08,16.45,6.92,-0.27,4.69,13.61,3.1,1.02,6,0.7,3.49,4.69,0.57
200009,2.82,4.02,-1.62,-8.27,-1.66,-3.61,-2.9,-0.14,-3.43,-2.36,-2.83,-10.23,-7.57,-5.87,-6.56,1.28,-1.31,17.3,4.41,6.83,-16.08,-10.58,-9.41,-6.4,-6.5,-6.33,-6,-3,2.01,-2.46
200010,-2.39,-5.2,5.02,-8.57,-5.32,-4.81,-5.49,-8.14,1.83,-5.57,-3.47,-4.79,-3.04,-8.74,-2.96,-2.12,-10.83,21.4,-7.91,-1.06,-11.75,-14.81,-10.09,2.57,-3.46,-6.56,-6.5,-0.09,-1.07,-8.9
200011,-1.97,-0.71,-1,-15.92,-10.12,-4.18,-6.74,-13.72,-8.12,-14.45,-6.22,-16.38,-9.82,-9.98,-11.44,-4.8,-4.39,4.79,-5.08,3.81,-27.39,-23,-25.69,-7,-2.54,-12.06,-11.4,-1.57,-3.11,-11.54
200012,2.15,1.52,9.71,-9.35,-0.7,0.1,-1.63,-3.65,6.33,1.99,2.9,-1.37,2.07,-1.51,-2.75,-1.26,-0.98,32.41,24.81,8.24,-5.51,-8.57,-7.81,3.85,1.32,-1.05,-4.95,-5.33,5.35,-2.08
200101,13.26,1.07,0.79,28.35,19.3,16.67,19.26,22.06,8.3,28.64,17.38,20.97,18.98,16.16,25.24,10.8,17.32,3.78,0.43,-7.14,53.13,45.38,40.43,11.87,21.18,26.81,31.47,17.49,10.54,22.12
200102,-1.55,0.37,7.23,-4.57,-1.9,-3.2,1.71,-9.21,-0.56,-3.97,-2.25,-2.02,-6.6,-8.47,-1.21,1.8,8.51,29.33,0.67,2.94,-20.08,-16.51,-21.97,0.12,-5.7,-4.65,-3.25,-0.01,0.08,-3.2
200103,0.43,-0.01,-3.64,-7.9,-8.32,-5.99,-3.3,-9.38,-1.06,-4.17,-1.99,-4.34,-5.28,-10.42,-9.16,-6.4,-3.84,26.34,0.13,2.39,-16.26,-16.89,-12.59,-3.86,-2.32,-5.54,-3.88,-4.13,-0.18,-3.59
200104,1.02,3.08,41.64,8.27,4.45,6.28,5.21,12.55,0.92,0.7,7.39,10.87,5.77,8.04,11.93,8.96,1.88,5.57,7.78,3.92,3.07,11.63,13.65,5.01,2.82,6.77,5.85,2.8,3.23,6.91
200105,7.26,6.06,-3.41,10.45,8.42,6.42,5.61,13.56,7.31,10.98,10.37,6.99,4.58,5.7,5.91,6.58,10.02,-2.5,4.74,1.14,0.38,7.71,2.26,3.68,6.07,8.03,9.53,5.05,5.9,8.6
200106,2.15,-2.83,-1.88,3.17,1.22,-1.13,-2.1,7.27,-4.33,-0.26,-1.44,-3.28,0.76,-2.54,4.13,-3.3,-3.21,-16.81,-12.88,-1.89,-0.03,1.26,-0.84,0.31,-1.9,4.03,2.91,1.28,4.2,3.3
200107,3.2,2.79,-2.35,-3.56,-2.33,0.52,-1.73,-2.73,-1.37,-0.93,0.26,-3.63,-4.97,-9.95,2.69,3.16,-5.16,-12.79,-3.57,-3.21,-10.67,-9.17,-7.33,1.87,0.89,0.17,-1.76,-0.15,2.9,-1.82
200108,2.74,1.21,8,-3,-6.38,-2.43,-0.78,-2.83,-0.82,-8.14,-5.5,-4.58,-4.88,-7.93,-5.28,0.2,-6.59,-0.54,-6.03,0.7,-11.94,-7.45,-9.67,-0.03,-2.67,0.96,-0.86,1.79,-0.13,-2.05
200109,-7.11,-8.8,6.01,-13.9,-12.59,-13.95,-17.96,-11.85,-13.56,-14.99,-15.44,-19.2,-14.35,-13.79,-20.58,-16.62,-12.05,-10.75,-13.89,-4.69,-20.26,-19.47,-17.37,-12.33,-21.14,-9.24,-15.01,-14.54,-4.73,-12.44
200110,5.28,-1.5,2.23,3.26,0.58,6.97,10.86,11.88,3.2,-12.35,1.96,-4.24,7.27,2.28,1.83,7.76,-7.05,30.29,11.45,0.14,6.22,16.59,20.01,2.47,6.1,1.36,7,4.19,0.11,6.07
200111,3.1,2.94,-0.17,10.09,6.75,8.31,6.83,7.12,9.8,8.1,7.68,4.27,4.88,5.83,10.18,-0.03,2.32,-9.53,-5.2,0.53,15.51,13.75,14.18,5.81,9.99,4.72,13.97,5.7,4.1,4.81
200112,3.77,3.57,-6.49,10.2,5.41,4.64,3.57,6.36,3.41,1.33,10.09,4.96,4.89,5.86,4.71,5.9,7.42,4.07,6.42,4.06,7.48,10.55,7.26,7.1,8.09,7.84,6.08,5.81,3.15,5.35
200201,1.52,1.54,-1.32,7.84,1.53,5.67,4.31,-3.23,-0.33,-2.61,5.72,-1.39,-0.17,0.29,5.29,5.38,0.79,-6.04,-4.9,-2.54,-11.58,2.99,3.42,4.12,8.18,2.64,6.6,8.72,2.62,3.12
200202,0.74,1,3.25,-0.22,-0.53,2.35,2.27,-7.94,1.25,-1.09,2.03,-4.39,0.32,-5.57,4.96,4.85,6.08,-3.8,1.74,0.26,-12.72,-8.81,-12.07,2.88,0.87,-4.09,-0.86,-0.94,0.52,-2.24
200203,4.41,2.27,0.33,7.97,6.13,8.39,10.49,6.42,8.35,31.11,5.35,13.64,10.17,10.91,4.8,11.28,6.64,15.98,14.41,7.69,5.53,8.39,11.19,6.16,8.81,8.93,7.96,9.32,5.49,14.18
200204,4.97,3.86,-1.72,1.96,-2.25,3.57,9.09,-6.26,1.18,15.38,5.23,-0.22,0.17,-0.98,6.9,10.66,4.31,-3.94,1.12,0.81,-7.21,-5.79,-5.25,2.76,-1.25,2.02,6.55,6.22,5.37,2.99
200205,1.94,2.64,-6,-3.44,-0.35,-1.03,0.58,-3.89,-1.81,6.73,-4.98,-4.59,-4.19,-3.46,-0.05,-4.18,8.98,3.58,-5.55,-4.13,-7.17,-6.3,-5.92,1.4,2.07,0.58,2.05,2.59,1.33,0.6
200206,-3.04,-7.04,-9.05,-6.12,-8.91,-2.9,0.65,-10.09,-3.12,-4.91,-2.65,-7.49,-7.85,-7.52,-4.34,-1.86,-4.28,-7.66,-5.71,-4.07,-17.52,-10.94,-14.57,-4.36,-3.33,-3.84,-6.11,-1.65,-1.16,-4.2
200207,-7.66,-7.51,-12.04,-11,-9.44,-9.98,-12.49,-11.06,-6.95,-16.15,-12.94,-18.01,-13.63,-13,-10.55,-8.16,-10.16,-30.59,-14.32,-11.69,-12.2,-15.57,-15.11,-12.9,-14.48,-14.21,-15.23,-12.66,-6.5,-12.55
200208,-0.32,0.75,17.07,-0.33,-0.26,-2.15,-1.05,-0.7,3.08,-4.8,-0.07,-2.54,-3.28,-1,-2.95,-6.66,9.19,15.39,4.67,3.17,1.62,0.68,-0.98,1.37,-4.03,0.08,-2.59,-2.47,2.56,3.94
200209,-6.21,-6.4,-19.4,-7.17,-8.67,-6.81,-7.24,-8.7,-10.72,-14.37,-9.22,-11.48,-9.52,-11.14,-9.42,-6.12,-10.44,-8.12,-4.91,-7.34,-11.02,-11.18,-15.42,-7.58,-9.8,-7.08,-8.58,-7.06,-3.73,-9.8
200210,0.45,5.91,-2.54,4.08,5.79,6.81,6.24,4.64,3.14,1.48,0.44,-0.57,7,2.35,-1.22,0.51,-8.93,3.7,1.61,-0.36,9.5,9.04,12.36,0.35,5.61,0.46,2.16,-4.14,1.74,-2.28
200211,2.71,2.18,2.04,11.25,16.72,6.57,10.28,11.33,7.91,9.35,8.23,15.51,11.19,15.53,9.65,5.19,0.39,7.95,2.85,3.34,26.05,20.14,30.11,11.54,7.26,9.78,12.1,2.69,4.15,9.89
200212,0.99,-4.74,3.11,-5.8,-3.71,-3.81,-4.08,-7.03,-6.09,1.08,-4.69,-8.52,-6.49,-5.05,-5.25,-4.51,3.47,11.83,1.73,2.28,-7.16,-7.45,-13.52,-1.99,-1.77,-3.15,-8.84,-1.73,0.12,-0.99
200301,-2.57,-4.09,1.42,0.12,-2.14,0.59,1.15,1.7,-3.18,-2.61,-2.8,-2.61,-0.33,-0.37,-5.79,-4.4,5.51,-13.39,3.21,-1.78,-0.6,1.5,1.09,-2.51,-4.28,-0.79,-4.56,-2.82,1.8,1.42
200302,-3.99,6.52,0.89,-1.69,-7.79,-1.77,-2.53,-2.64,-2.04,0.82,-2.38,-4.45,-2.94,-5.94,-7.67,-4.67,-10.02,14.94,4.29,-3.98,-5.49,-3.37,-2.91,-4.94,-6.27,-4.39,-4.28,-4.54,-0.22,-5.88
200303,0.57,0.1,-13.8,1.29,0.21,-3.04,2.32,4.81,0.75,-2.44,2.47,-3.16,-3.05,-2.16,-4.78,-2.22,0.16,-0.85,-0.91,3.85,0.93,2.56,0.68,1.66,2.38,-1.51,2.03,0.4,1.08,-0.17
200304,4.87,25.33,1.61,5.94,7.49,9.51,10.67,15.44,10.49,7.32,10.83,5.59,8.24,9.3,16.56,4.92,5.04,4.44,1.06,9.39,15.04,12.67,10.94,4.32,13.19,9.7,11.93,5.48,7.51,7.32
200305,5.32,5.24,53.51,6.8,7.36,5.65,6.65,23.65,6.08,3.8,11.7,14.13,12.6,15.81,6.04,8.33,11.21,22.86,20.79,10.59,18.32,19.4,23.56,7.36,14.65,8.4,11.85,6.95,6.97,6.44
200306,3.94,-1.07,9.96,6.69,2.41,2.03,4.64,8.78,-0.73,0.57,4.85,5.13,3.3,-0.29,5.82,8.02,3.08,2.34,5.81,-0.97,9,6.4,5.32,2.61,8.43,8.63,7.3,7.43,2.64,4.66
200307,5.12,-1.91,-10.34,5.41,1.69,8.13,6.14,6.71,4.65,0.63,3.83,5.84,8.02,8.59,9.35,9.15,13.83,-11.34,-4,-2.24,6.93,11.14,12.33,3.26,7.47,9.58,8.89,3.61,5.64,6.67
200308,4.89,2.91,-0.45,2.97,2.81,5.54,8.09,4.62,5.41,-1.62,6.03,6.26,7.91,12.57,8.46,4.01,13.08,3.9,7.91,1.05,2.12,5.65,9,1.65,3.48,6.7,7.19,3.51,2.1,1.77
200309,2.19,4.13,1.31,2.22,0.78,1.82,1.99,7.25,0.25,7.6,0.67,-3.01,-1.2,5.33,-2.32,-1.03,4.27,-1.8,-0.07,2.77,-0.47,2.9,4.04,-1.84,2.35,2.88,-2.5,1.4,1.77,0.76
200310,5.04,7.49,7.73,7.3,5.85,8.31,8.35,5.05,5.49,-4.07,10.96,14.42,9.24,13.56,11.84,9.63,12.43,8.62,5.72,3.14,5.91,10.42,14.08,5.28,6.87,9.54,10.71,8.97,6.49,6.97
200311,5.95,6.93,9.35,2.72,2.96,0.94,0.8,2.66,5.53,2.84,3.55,2.07,4.81,5.41,2.84,4.24,25.55,0.58,2.73,2.3,5.08,3.3,6.42,1.57,3.28,3.46,3.51,2.57,3.7,3.95
200312,4.29,2.52,0.71,1.91,4.88,0.42,0.32,4.09,9.18,3.52,5.37,20.3,4.39,3.1,7.02,7.85,18.33,27.71,17.1,4.16,3.89,2.01,0.11,6.71,4.48,5.83,-0.98,2.47,2.44,7.39
200401,6.17,1.03,4.61,3.65,6.31,5.42,2.69,11.92,5.43,10.03,4.41,1.17,6.08,5.63,3.43,2.86,-2.33,-6.52,5.65,2.18,8.42,10.1,13.34,1.15,3.33,7.77,3.9,5.26,3.55,7.78
200402,3.92,3.27,23.67,3.05,2.93,0.6,4.59,0.46,0.72,2.02,4.58,7.3,1.11,-1.3,0.02,-3.42,1.73,5.67,4.6,2.18,-2.55,-0.55,-3.01,-0.15,1.33,1.39,5.26,5.38,1.92,2.75
200403,2.87,0.71,-2.85,3.17,0.71,-1.42,-0.13,0.38,1.81,-6.75,2.14,2.32,-0.7,2,-1.07,-2.02,2.4,6.97,2.83,0.87,-4.35,1.25,-2.61,0.31,-0.12,0.48,1.34,2.28,0.21,1.11
200404,-0.51,0.9,-4.76,-2.58,-0.45,0.54,1.88,-1.16,-2.39,-3.17,-1.62,-3.01,-3.66,0.07,0.38,4.34,-18.56,3.54,2.92,-2.97,-5.46,-4.24,-7.75,-2.02,-1.98,-0.82,-3.04,-0.03,-3.86,-2.54
200405,1.09,0.83,-4.35,1.83,-1.4,-2.32,-0.26,-3.97,0.84,-7.23,-0.45,4.67,1.56,0.04,-3.85,-1.09,7.32,7.15,-1.47,0.36,-2.38,0.13,3.73,1.56,-1.34,-0.72,-0.21,-3.45,0.68,-0.28
200406,2.88,3.48,11.54,3.6,-0.07,0.2,3.33,-0.09,5.84,5.91,2.7,9.02,6.41,3.38,9.05,13.11,7.15,9.49,8.25,2.68,-2.06,1.22,1.79,6.62,9.47,4.9,3.18,0.79,1.89,4.86
200407,-5.63,-2.76,1.45,-6.3,-4.22,-5.89,-5.58,-9.98,-6.01,-1.42,-4.11,1.62,-6.96,-9.15,-4.3,-1.39,1.54,2.18,0.89,-0.82,-8.58,-10.74,-13.78,-2.93,-3.78,-6.76,-5.25,-3.29,-1.85,-3.94
200408,-2.27,-1.23,10.07,-2.27,-1.95,-2.97,-3.56,0.06,2.29,-5.15,1.16,-1.77,-2.47,-1.44,-5.11,-3.84,4.26,0.91,-5.31,3.02,-2.47,-3.57,-2.91,-0.73,-4.38,-2.13,-3.27,-2.82,1.61,-2.03
200409,0.05,-1.13,0.54,3.47,3.11,4.37,3.65,4.23,6.34,4.76,4.74,7.58,4.7,3.13,-2.27,4.15,11.14,4.7,13.1,1.68,1.48,5.77,3.7,1.68,3.8,4.37,4.02,3.34,3,3.6
200410,1.06,4.74,0.45,3.28,0.93,-2.21,1.57,-1.18,2.5,3.85,1.15,-2.89,0.24,1.08,-2.26,2.06,-6.42,-3.15,2.86,2.42,2.88,3.65,2.98,-1.18,4.13,1.05,4.11,1.46,2.45,0.13
200411,6.03,5.62,12.27,10.95,8.93,8.41,5.63,8.18,11.03,4.5,8.48,21.84,9.87,9.37,7.61,24.69,4.99,25.35,9.37,5.47,12.65,8.73,10.04,8.38,9.64,12.45,8.35,8.26,6.07,12.53
200412,5.85,4.38,0.84,9.69,4.25,6.32,9.5,7.69,4.43,3.66,10.13,5.37,7.69,5.99,6.13,1.67,-2.5,-2.15,-0.39,1.92,9.07,8.45,8.51,3.7,5.59,6.5,4.52,5.78,2.8,5.65
200501,-0.45,0.3,1.22,-4.05,-2.03,-2.04,0.86,-4.04,-2.65,-2.77,-0.59,0.58,-4.51,-3.07,-8.63,-5.23,-2.37,3.34,2.51,0.33,-5.76,-5.09,-8.66,-5.59,-3.15,-2.61,-2.32,3.38,-2,-2.58
200502,0.12,-0.97,6.6,-0.61,4.2,-1.58,1.99,-2.07,3.76,0.13,2.41,7.4,4.04,3.19,0.57,3.96,11.19,14.27,17.02,1.97,-1.45,0.05,-0.08,2.84,2.1,2.18,1.39,1.93,0.29,-0.06
200503,-1.35,0.24,-3.38,-4.25,-2.43,-2.5,0.49,-7.33,-1.71,-8.62,-3.83,-6.6,0.79,-3.04,-7.98,0.56,-6.97,-7.42,0.14,-0.24,-4.2,-2.67,-5.19,-3.88,-2.24,-2.8,2.76,0.27,-2.09,0.39
200504,-1.37,-0.98,-3.32,-6.44,-1.07,-10.9,-5.56,-3.45,-8.15,-8.13,-4.61,-11,-6.67,-9.95,-12.05,-6.27,-10.36,-10.05,-7.57,-0.04,-7.52,-7.17,-8.25,-8.86,-9.33,-6.36,-6.03,-5.27,-3.1,-6.24
200505,3.7,0.93,5.94,3.37,3.28,4.28,6.27,4.94,2.44,5.1,5.82,5.71,5.95,4.03,7.32,1.5,2.57,12.66,4.7,4.72,2.37,5.39,7.08,0.43,8.24,2.75,8.69,6.22,3.46,4.76
200506,1.36,16.86,-3.01,2.05,1.53,2.64,7.16,3.3,0.87,9.31,5.94,-2.06,3.93,3.97,6.01,2.72,4.1,4.56,14.01,4.39,3.32,3.07,1.67,0.8,-0.54,2.06,5.28,2.86,2.95,3.83
200507,4.99,0.26,3.01,3.33,1.94,6.62,4.87,8.76,5.37,5.84,10.51,14.16,11.12,7.53,5.88,14.43,4.29,25.16,10.35,3.77,3.06,6.86,7.85,3.91,7.46,10.05,5.69,3.57,3.68,4.67
200508,-3.18,3.36,-2.57,-4.15,-1.3,-0.72,-2.87,-0.97,-3.9,-2.68,0.46,-0.58,2.46,0.27,-2.84,0.16,2.36,4.29,7.23,0.28,-1.56,0.12,-1.31,-3.08,-5.08,0.01,-5.9,-4.96,-1.22,-5.22
200509,-1.63,-1.18,-0.01,-3.27,-1.22,-2.68,-1.4,0.33,-1.74,-9.03,3.51,3.44,0.86,1.97,-3.81,-1.26,11.6,6.36,12.06,2.94,-0.99,1.98,0.84,-3.93,-0.19,-0.42,-3.51,-2.69,0.17,3.25
200510,-2.87,0.83,-3.48,-3.67,-6.63,-6.01,-4.6,-4.61,-3.4,-4.22,-6.29,-4.06,-4.36,-5.63,-5.82,-4.58,-6.01,-8.56,-10.22,-6.32,-5.76,-1.95,-3.94,-2.18,-0.24,-5.33,-1.16,0.76,-0.22,-4.36
200511,-1.1,3.77,-2.73,4.15,2.22,3.05,8.12,2.27,1.94,5.02,3.23,7.29,3.67,3.61,2.39,8.32,7.78,-2.52,1.62,0.59,2.03,2.78,6.61,3.47,7.05,6.38,5.46,3.07,3.25,2.53
200512,-1.07,-1.23,1.69,-1.78,-0.33,5.21,0.75,0.08,2.47,-4.02,0.21,1.61,2.75,-0.46,-1.08,4.45,6.12,-1.04,4.03,-0.04,-0.23,1.89,1.18,2.06,2.12,0.41,0.53,1.07,0.12,0.28
200601,2.92,3.11,6.46,5.6,2.59,4.75,8.98,11.38,11.6,3.21,10.59,18.87,14.01,11.69,5.8,10.91,24.21,12.51,18.18,3.99,3.82,7.16,10.64,4.25,5.2,12.92,4.75,4.6,3.57,6.84
200602,1.54,1.46,-1.72,-0.43,0.84,0.75,1.62,2.19,-0.07,6.54,-0.66,-0.72,-0.12,0.83,-1.57,3.14,-2.89,-9.4,-11.85,0.88,0.78,0.66,0.84,-0.6,0.87,-0.31,1.76,2.84,0.75,4.6
200603,4.51,-1.21,6.1,7.73,1.05,7.87,5.68,2.7,7.02,-5.35,5.62,12.56,4.99,4.27,0.62,4.03,10.84,4.31,6.38,-1.54,5.9,5.07,5.61,2.86,2.01,5.14,4.79,3.92,2.59,5.14
200604,2.91,1.84,-1.75,0.03,-1.03,3.63,1.7,-3.8,6.04,3.94,-0.48,4.64,5.23,1.26,0.6,4.01,8.95,18.39,4.98,1.2,0.12,0.93,0.04,1.84,0.44,1.97,1.03,-1.76,0.43,4.26
200605,-0.6,3.11,-0.79,-2.94,-3.16,-4.53,-6.97,-7.49,-5.38,-2.38,-6.85,-5.75,-6.79,-7.42,-2.07,-4.14,-8.04,-5.8,-6.07,-0.45,-3.73,-6.1,-8.37,-3.25,-2.85,-5.67,-4.68,-3.28,-1.34,-1.93
200606,0.5,3.14,1.32,0.37,-1.79,-6.65,0.28,-2.07,-4.25,-3.38,-2.79,4.25,-0.53,-0.43,0.4,-3.21,-3.1,-7.49,3.79,2.02,-2.33,-2,-3.56,-0.78,5.67,-0.03,-0.94,-1.69,0.83,0.52
200607,-1.07,-0.26,-0.21,-8.3,-4.68,-3.31,-3.66,-4.74,-4.08,-0.6,-7.41,-3.18,-5.77,-3.83,-7.39,-5.44,-5.35,-12.96,0.45,5.57,-3.14,-4.88,-5.58,-2.4,-7.8,-1.7,-4.26,-6.48,-0.61,-1.49
200608,2.71,0.14,8.98,0.35,2.91,0.91,2.07,3.69,1.41,0.06,0.45,1.31,1.13,1.68,-1.45,-2.48,2.33,-8.64,-3.51,2.07,3.16,2.85,4.87,3.31,0.14,-0.27,0.62,5.43,1.56,1
200609,-0.47,0.69,6.55,1.76,-1.37,3.82,5.63,-0.49,-0.85,-5.01,-0.66,-1.47,-1.42,1.73,1.08,1,-5.72,-16.61,-8.36,-2.11,2.96,2.38,0.23,2.36,3.4,0.7,7.22,5.26,1.8,1.61
200610,1.14,3.03,5.15,8.6,5.07,3.73,9.29,6.52,11.14,4.44,5.08,6.81,5.33,3.98,4.96,7.18,7.86,11.81,5.32,5.29,6.39,5.54,3.68,7.17,5.61,5.44,5.24,6.44,2.56,6.41
200611,4.09,3.03,3.58,2.71,2.35,8.09,0.4,2.67,5.23,-3.05,3.8,3.29,2.88,0.75,4.71,5.19,10.49,2.88,7.66,3.03,1.19,2.79,2.72,3.08,2.71,1.63,-0.19,-0.19,1.94,3.65
200612,3.34,5.51,0.25,5.47,4.39,1.15,0.9,1.44,0.2,2.01,1.74,-0.39,0.79,0.78,5.29,-0.51,-4.84,-9.46,-4.9,0.69,3.57,2.55,0.89,3.52,-0.74,0.81,0.83,2.19,1.42,1.57
200701,3.93,6.86,-14.22,3.24,0.52,3.43,6.74,4.58,2.83,7.04,1.68,8.47,0.6,4.08,3.81,3.89,2.93,-4.06,-1.29,0.27,5.42,4.13,1.32,4.39,4.49,3.1,1.85,5.23,-0.09,2.92
200702,-0.38,1,-0.66,0.9,0.21,4.01,0.84,0.12,0.93,4.35,-0.86,4.89,2.53,-0.25,0.66,3.18,3.35,3.31,-1.37,2.67,-0.91,0.25,1.17,2.12,-0.38,0.77,0.23,0.33,-1.29,-1.87
200703,4.09,3.75,6.87,0.26,-0.88,-0.69,-1.15,-0.08,1.87,-0.21,-3.75,4.16,0.41,-1.16,2,2.25,4.18,2.02,4.2,4.32,-0.73,0.66,0.38,-1.1,-0.45,1.83,1.26,1.44,-0.91,-1.05
200704,1.81,1.97,0.26,1.58,1.71,2.8,-0.84,5.06,2.58,7.08,4.24,4.76,6.25,2.46,3.63,4.71,2.98,12.21,6.02,2.37,2.66,3.19,1.54,4.1,2.39,4.49,1.46,0.33,-0.53,1.95
200705,1.63,4.69,-1.23,0.88,5.41,0.57,2.69,-0.28,4.07,2.74,4.4,7.19,5.67,5.44,3.83,7.57,-2.09,17.3,4.42,0.7,5.01,5.15,1.12,0.14,4.69,2.37,1.25,1.7,1.32,4.25
200706,0.57,-0.08,1.41,-1.6,-0.06,-1.77,2.05,-3.74,2.91,0.56,-2.13,-1.64,3.73,2.34,0.18,0.12,-0.29,-5.98,0.51,-3.56,-0.4,-0.17,2.4,-0.22,-1.78,0.52,-2.1,-2.16,-1.64,-1.45
200707,-3.29,-5.64,-2.21,-8,-8.51,-7.25,-5.89,-5.03,-4.01,-10.52,-7.05,-3.03,-0.84,-2.31,-7.52,3.22,-0.94,-17.36,-6.19,-3.98,-4.24,-4.49,-2.15,-6.74,-6.16,-3.47,-7.58,-4.18,-7.31,-3.89
200708,1.81,2.96,3.89,-4.52,-4.13,-4.23,-6.56,0.06,0.06,-3.8,-3.57,-4.42,-1.49,-2.17,-2.43,-3.09,-8.31,-7.26,-3.3,2.29,-2.34,-1.47,-1.98,-1.66,-2.9,-2.49,-2.55,-0.54,1.29,-0.93
200709,1.52,1.4,1.14,1.79,-3.23,1.12,-1.7,3.06,1.98,-0.21,-3.29,4.51,3.08,5.98,0.13,1.04,13.44,8.63,5.18,2.27,-0.82,2.08,3.15,0.69,-2.35,1,-1.71,-2.67,0.85,1.35
200710,-0.63,0.67,5.64,-1.49,2.98,1.33,-5.51,2.59,1.28,0.73,-1.06,-0.55,1.77,0.63,-0.47,5.84,14.05,19.33,4.48,5.23,-0.12,4.78,1.92,4.91,-1.08,2.22,-1.93,1.25,-2.74,-0.4
200711,-5.65,-10.68,0.95,-10.88,-11.42,-9.36,-11.51,-8.24,-8.73,-3.66,-14.67,-7.77,-6.46,-1.14,-15.24,-10.1,-5.67,1.2,-9.98,-1.41,-11.14,-9.57,-10.68,-8.4,-7.28,-10.1,-7.71,-11.43,-6.04,-5.67
200712,0.72,9.85,-6.76,-4.36,1.93,-1.3,-4.08,-2.68,5.54,-8.98,-2.17,0.05,1.63,2.43,-2.39,0.31,-0.53,18.83,4.94,0.53,-2.82,0.43,-1.34,-0.75,-3.01,-0.51,-5.88,-7.29,-3.29,-1.68
200801,-7.8,-10.48,14.35,-9.87,-10.54,-5.15,-1.34,-5.24,-6.61,-1.26,1.57,-8.67,-10.26,-8.79,-4.59,-6.54,-2.37,0.92,-5.89,-6.03,-9.25,-8.84,-10.21,-4.97,2.21,-4.94,-2.81,-4.21,0.46,-6.59
200802,2.24,0.94,5,-4.98,-6.79,-2.84,-2.82,-1.68,-2.14,5.4,-5.1,4.64,4.88,-0.17,-4.2,-0.01,11.28,15.41,6.98,-3.56,-6.86,-3.46,-2.68,-7.19,-5.14,-2.45,-6.75,-4.95,-5.14,-3.27
200803,1.15,-1.64,-4.86,-2.54,-2.38,-4.37,-3.07,-5.62,-4.3,-1.89,-2.82,-1.61,-0.13,-3.61,-1.83,-1.99,-10.05,-3.49,-1.91,0.23,-1.27,-3.07,-3.13,-1.88,-1.42,-1.81,-1.87,2.13,-1.65,-4.1
200804,3.34,2.13,-3.99,-0.32,-7.2,-1.5,3.23,2.2,4.88,0.92,3.47,10.03,7.77,0.6,5.65,6.14,1.08,19.84,9.98,5.81,-0.13,2.98,3.55,-2.09,-0.45,1.89,3.36,3.29,-0.76,1.45
200805,1.51,-2.03,8.4,1.79,2.9,0.16,3.83,3.5,5.36,0.36,1.74,10.49,6.36,9.05,4.38,3.01,4.4,32.15,17.69,4.22,3.77,2.82,6.51,9.96,0.66,3.89,2.39,-3.09,-1.25,3.81
200806,-10.06,-7.82,-12.66,-13.86,-15.94,-6.31,-11,-6.97,-12,-11.51,-11.01,-5.56,-6.87,-7.89,-18.78,-18.85,-5.24,26.41,11.25,-2.96,-11.31,-7.78,-9,-15.06,-12.86,-10.08,-11.68,-14.41,-14.38,-7.47
200807,4.23,3.62,9.42,1.39,-10.82,3.51,-2.07,6.52,2.22,-4.81,1.37,-5.36,-1.13,-1.07,-0.32,6.87,-11.42,-18.24,-18.2,-2.2,-3.76,-0.43,-1.21,4.95,10.11,0.37,2.54,-0.51,3.57,0.11
200808,-0.3,-2.13,15.73,0.62,3.98,6.16,7.28,-0.05,0.43,16.77,4.98,-0.02,1.37,-2.23,-0.65,4.12,-9.62,-3.78,-1.42,1.72,2.78,3.42,2.13,1.25,2.39,4.33,5.77,6.24,3.37,2.37
200809,-7.8,-1.92,2.4,-12.18,-8.83,-8.04,-6.25,-13.06,-20.84,-6.5,-10,-27.41,-15.72,-15.81,-13.31,-13.76,-23.5,-40.04,-21.7,-8.44,-15.83,-12.03,-15.47,-13.6,-9.83,-10.2,-8.56,-11.54,-2.61,-10.33
200810,-14.32,-12.45,-4.6,-26.21,-32.69,-23.87,-26.49,-18.84,-21.78,-30.71,-25.97,-29.25,-30,-24.14,-35.09,-17.49,-37.01,-29.52,-32.88,-10.18,-26.76,-23.45,-21.89,-27.44,-13.26,-21.71,-24.86,-28.6,-14.98,-16.24
200811,-13.54,-7.45,-8.57,-16.24,-20.2,-15.36,-21.04,-13.84,-19.95,-17.63,-12.63,-15.4,-15.85,-15.27,-16.28,-14.33,-9.31,-34,-18.49,-1.08,-12.65,-11.28,-15.8,-16.2,-15.02,-15.8,-20.67,-18.43,-12.04,-10.49
200812,7.44,-1.95,2.63,2.41,13.09,-3.62,-0.45,7,-1.42,-12.98,3.65,11.94,1.23,4.69,-6.23,6.21,19.86,-5.65,-8.39,-0.21,3.95,3.31,3.65,-1.06,3.27,4.9,8.46,11.36,0.5,3.48
200901,-3.28,-6.89,-1.92,-3.02,-15.9,-11.61,-8.7,6.19,-1.89,-15.99,-7.87,-12.28,-9.1,-4.61,-7.41,-6.48,-2.1,-1.02,-1.72,-1.18,-4.23,-0.85,1.91,-11.17,-8.05,-1.78,-8.16,-2.18,-12.13,-4.56
200902,-8.16,-7.04,-9.33,-12.03,-11.19,-18.1,-9.41,-11.7,-17.9,-23.72,-14.9,-19.4,-15.85,-12.04,-20.95,-17.83,-9.55,-13.27,-20.05,-13.07,-9.75,-6.58,-9.14,-19.06,-18.37,-10.95,-4.83,-5.98,-14.08,2.77
200903,7.95,-2.57,14.11,7.46,6.94,20.32,13.56,13.2,11.77,19.09,13.96,11.48,10.32,11.24,20.48,3.71,18.21,4.99,8.21,3.32,13.46,10.44,13.38,18.61,10.66,11.21,23.38,18.53,13.5,1.93
200904,16.99,19.45,4.87,36.84,39.59,39.68,40.04,13.94,23.74,50.95,28.78,34,24.11,22.74,39.39,24.58,28.65,21.39,25.28,4.13,24.64,18.61,22.14,32,22.5,32.39,36.41,35.91,14.6,18.17
200905,16.2,5.17,8.16,9.74,15.27,2.05,2.87,18.45,11.57,17.33,2.25,10.93,4.8,3.67,7.08,6.24,22.98,42.59,27.28,3.31,11.68,7.33,7.99,16.25,7.1,13.67,2.37,9,6.25,7.84
200906,0.51,0.7,-13.78,-0.5,-4.24,7.58,1.13,10.77,-1.42,3.44,1.71,4.82,1.24,6.02,6.21,-0.29,-0.56,-14.46,-7.64,6.06,2.42,8.06,7.26,3.56,0.31,6.8,5.02,-3.53,-1.37,4.02
200907,5.23,2.86,9.16,11.84,44.31,14.56,10.39,9.11,16.3,25.39,15.7,5.37,12.85,5.65,25.56,8.37,5.42,16.4,6.16,4.93,6.98,7.3,9.69,15.39,9.35,7.57,12.36,5.67,4.46,9.23
200908,0.98,15.75,1.63,4.42,17.04,8.8,14.16,5.82,10.39,1.5,9.93,3.61,5.74,2.99,14.93,10.27,4.09,-0.73,3.97,0.92,20.24,5.65,6.78,19.73,12.21,4.93,9.17,1.77,4.78,4.79
200909,5.27,11.96,1.45,7.38,10.47,10.02,7.49,8.44,7.26,8.39,2.89,5.53,13.04,11.61,9.16,7.55,17.49,20.3,17.55,3,11.57,8.74,10.64,6.35,8.57,5.45,6.27,5.54,0.06,6.33
200910,-3.62,-1.57,-0.7,-8.67,-3.9,-2.57,2.37,-10.6,-6.53,-5.48,-11.7,-10.55,-5.19,-5.86,-5.03,-7.07,-1.32,-4.36,-5,-2.59,-3.72,-4.66,-7.5,-4.27,-8.25,-5.46,-2.4,-6.8,-7.24,-4.75
200911,1.08,-0.45,-4.58,1.55,4.95,7.59,-1.77,3.24,8.09,4.29,2.04,3.83,4.24,1.83,6.49,5.55,14.83,6.96,-1.59,3.74,4.06,0.38,4.36,8.19,3.2,2.86,0.66,0.05,-1.64,2.5
200912,4.81,-1.02,7.82,2.76,11.05,5.81,7.81,8.04,8.84,15.07,6.82,11.56,9.01,6.81,11.27,5.7,-2.73,9.23,8.79,6.26,10.19,6.43,10,9.02,10.01,5.29,5.93,5.68,2.51,4.25
201001,-0.61,-3.3,-1.61,0.68,0.99,1.74,0.11,0.09,0.59,-3.04,-2.07,-5.93,-4.91,-3.26,1.15,-2.08,-6.29,-5.51,-2.21,-4.13,-4.03,-1.77,-3.61,-3.82,-6.6,-1.31,-2.67,3.87,4.59,-0.25
201002,5.2,-1.95,7.47,3.98,3.88,5.9,8.9,2.05,6.05,10.7,1.12,2.25,5.5,2.85,4.79,4.57,9.14,9.13,5.15,0.48,3.33,2.71,6.79,2.12,7.95,5.8,6.29,7.45,1.93,1.78
201003,5.79,5.62,32.75,8.38,6.62,8.43,15.73,8.18,6.77,17.08,8.15,9.85,7.58,9.23,11.14,14.9,8.03,4.88,3.64,4.31,11.38,9.19,6.96,7.89,7.8,5.43,12.94,12.82,6.54,8.07
201004,2.69,4.07,-3.52,10.72,9.21,9.7,6.28,7,7.08,10.14,14.94,6.71,8.96,4.87,10.48,9.42,6.79,0.97,9.84,3.66,11.37,5.55,5.36,7.45,6.55,6.85,7.9,7.39,9.75,10.64
201005,-6.18,2.93,-7.55,-10.36,-7.83,-7.24,-5.43,-9.04,-9.34,-6.89,-10.86,-9.58,-9.43,-10.27,-10.41,-8.64,-10.93,-15.9,-12.79,-6.28,-7.53,-6.46,-7.47,-7.69,-8.25,-7.69,-7.22,-7.12,-7.82,-8
201006,-2.66,6.33,4.16,-11.48,-12.06,-12.28,-10.17,-7.69,-11.34,-9.9,-11.93,-13.09,-6.21,-8.23,-8.86,-9.15,-8.36,-17.79,-4.97,-1.08,-7.08,-6.85,-5.79,-6.76,-9.03,-5.74,-12.77,-9.92,-8.68,-5.84
201007,4.27,7,13.65,6.04,6.27,6.75,6.62,2.89,10.18,3.98,6.43,7.55,9.85,8.41,11.49,10.8,7.04,15.03,6.55,5.77,7.37,5.87,6.67,6.37,10.51,7.23,5.7,6.99,3.08,4.43
201008,-7.24,1.49,-5.5,-5.36,-9.7,-8.18,-10.83,-5.55,-4.89,-2.23,-7.31,-7.81,-8.29,-8.75,-9.76,-7.86,3.99,-5.01,-7.37,-0.87,-9.17,-6.57,-6.63,-5.47,-8,-8.24,-8.64,-5.87,-7.38,-6.51
201009,4.64,5.63,13.66,8.29,8.27,11.69,16.05,11.34,12.51,7.47,9.43,14.14,12.92,10.92,14.19,12.56,18.5,12.49,12.91,4.95,11.41,13.38,14.66,12.55,10.29,12.42,15.7,11.98,5.93,6.93
201010,4.1,0.17,3.52,4.19,0.62,3.74,0.63,2.68,13.45,7.45,0.95,7.74,6.92,6.89,8.06,5.73,14.17,6.95,4.67,2.5,6,5.33,5.39,7.96,4.85,4.58,3.11,5.56,1.88,4.79
201011,2.07,2.26,-4.61,5,1.68,0.82,7.22,0.03,2.66,-1.42,1.33,3.27,5.62,1.43,6.94,3.82,19.56,17.57,9.94,-0.1,2,2.48,1.78,2.96,2.3,1.81,5.67,3.74,-0.36,1.47
201012,6.43,7.05,3.34,2.98,9.74,8.06,2.31,10.82,7.47,7.33,14.32,13.38,11.51,8.53,9.73,8.07,21.08,11.8,11.14,3.77,6.56,9.12,8.4,5.36,6.83,7.3,4.78,3.34,8.23,6.91
201101,-1.03,-4.99,-7.34,-0.85,6.39,0.4,-3.71,1.34,0.23,-0.74,0.84,1.79,2.42,4.87,1.2,4.38,-8.9,2.3,6.56,1.85,1.6,0.98,4.21,4.05,0.61,0.39,-3.68,6.5,3.06,2.15
201102,3.03,2.65,8.11,1.93,1.42,2.5,6.07,3.46,0.79,7.03,2.51,7.38,5.25,-1.19,-1.75,3.48,7.64,-3.31,12.61,3.52,8.61,4.68,5.87,4.68,0.36,4.77,6.13,4.14,2.72,2.53
201103,0.14,1.06,32.57,0.5,-1.87,2.23,0.89,2.74,4.67,-0.14,1.07,0.34,3.88,-1.07,3.86,7.11,-5.03,3.38,4.53,2.21,-0.17,2.28,-0.19,0.15,-0.07,0.36,1.85,-0.89,-0.89,2.48
201104,2.64,2.79,3.33,2.99,-5.38,5.19,6.02,5.12,1.3,1.93,-1.03,1.87,-0.69,-3.08,0.47,-1.52,-2.7,0.1,-0.6,3.26,1.71,0.66,1.3,0.02,1.54,1.58,3.87,0.54,0.41,2.6
201105,-0.2,-1.34,9.89,-0.57,-1.86,-1.82,-3.36,-0.15,-1.72,-1.02,-4.89,-5.42,-4.15,-5.71,-4.7,-2.78,-6.44,-4.36,-7.35,0.28,1.53,-2.72,-2.29,1.09,-3.84,-2.41,0.18,3.72,-2.38,-0.97
201106,-0.57,-0.92,-6.81,-2.09,-0.68,-2.03,-1.49,-4.14,-4.04,-1.54,-5.76,-1.28,-3.03,-5.25,0.57,1.47,-3.75,-6.02,-5.1,-0.35,-2.39,-1.94,-2.87,-2.16,-0.67,-3.1,-1.05,0.4,-2.16,-2.31
201107,-0.88,-2.36,-2.1,1.18,-3.76,-3.93,3.48,-3.26,0.69,-4.44,-2.6,-4,-2.75,-1.97,-6.11,-3.57,-3.08,-1.92,3.43,-1.09,-7.12,-2.67,-5.39,-3.75,-2.1,-2.08,-1.14,-2.78,-2.08,-1.47
201108,-7.46,-6.12,-3.63,-9.23,-13.07,-8.41,-7.96,-11.36,-10.22,-10.08,-11.68,-11.65,-10.67,-9.21,-14.65,-9.21,-2.53,-23.15,-15.43,-0.06,-10.25,-10.04,-9.93,-7.91,-8.46,-7.43,-9.17,-7.25,-7.7,-7.39
201109,-7.21,-6.57,-1.88,-10.88,-11.85,-12.46,-10.06,-9.39,-15.18,-15.05,-16.19,-18.31,-14.92,-17.24,-15.26,-9.68,-24.35,-26.89,-20.3,-3.2,-12.5,-10.59,-10.69,-12.51,-10.65,-11.33,-7.03,-7.36,-8.34,-10.98
201110,6.29,11.47,7.62,11.42,9.32,12.18,12.32,9.86,19.34,6.81,18.14,18.67,16.65,9.99,19.74,19.03,22.09,29.61,22.87,6.82,11.92,12.57,11.9,12.44,11.25,14.66,12.29,9.62,8.97,11.98
201111,-4.73,-0.12,2.89,-2.49,-2.43,-1.38,-7.27,-2.87,-0.46,-1.64,-0.42,-2.41,-0.25,-6.42,-7.27,3.35,-1.7,-6.29,0.44,1.04,-1.33,-2.5,-3.62,0.87,-1.5,1.02,-1.74,1.03,-0.95,1.11
201112,-0.15,3.2,-0.95,-1.21,4.37,1.82,1.79,-0.83,-0.29,-1.16,-0.67,-4.76,-1.33,-4.17,-1.26,0.76,-8.34,-10.84,-1.28,2.17,-0.2,1.07,-1.69,-1.23,1.94,-0.54,1.16,2.2,1.25,1.19
201201,5.74,0.23,2.76,10.16,8.46,7.62,8.58,11.74,16.21,13.35,13.21,14.4,11.83,11.67,16.35,6.94,15.65,2.17,5.29,-2.37,6.82,8.68,11.82,9.49,11.53,8.72,4.89,5.84,7.8,7.38
201202,1.95,-0.63,12.75,8.71,0.55,6.99,8.74,4.07,3.69,5.38,6.38,-0.47,4.05,3.26,4.66,5.13,-1.52,-6.13,7.35,0.91,4.77,3.53,3.11,2.93,0.33,4.22,5.31,6.59,4.32,2.51
201203,1.1,7.19,-0.47,5.75,0.22,4.24,2.83,4.44,2.52,7.47,4.39,0.28,-0.95,-0.27,3.47,-4.09,-3.56,-10.06,-2.69,-0.28,3.61,2.63,2.07,1.36,0.9,2.33,4.91,5,6.37,5.61
201204,0.66,1.22,2.44,-2.24,-5.8,0.02,0.38,-1.58,-0.58,3.11,0.26,-5.08,-1.66,-4.1,-5.34,-0.27,-4.51,-2.66,-3.55,1.14,-4.56,-1.5,-3.91,-3.56,0.93,-1.83,0.13,5.72,-0.04,1.04
201205,-2.16,-2.61,-0.98,-4.78,-4.3,-7.02,-7.23,-5.63,-11.86,-7.68,-9.43,-12.65,-10.81,-10.85,-7.95,-9.46,-16.58,-26.33,-15.86,-1.4,-8.32,-7.02,-9.33,-10.34,-3.15,-9.33,-4.84,-0.63,-4.07,-8.21
201206,4.85,11,8.44,1.8,7.55,0.3,-2.94,7.36,1.15,3.85,5.77,5.36,2.05,-0.76,-0.16,6.63,5.78,-3.17,4.01,4.36,5.4,4.55,3.1,2.22,2.08,1.71,2.26,2.76,3.4,2.75
201207,-1.12,-0.53,1.87,-6.21,-3.2,-0.54,3.38,0.91,-1.38,-2.22,-4.56,-5.65,0.01,-4.02,-1.87,-2.12,-2.8,-8.19,-1.83,3.09,1.54,-3.51,-2.15,0.37,-1.18,-1.27,-0.63,-0.26,-0.03,0.27
201208,5.24,1.67,-1.88,0.58,7.25,2.34,6.4,2.24,2.43,5.86,6.57,1.41,3.83,0.68,2.42,3.04,4.48,0.82,1.99,-1.6,1.86,2.57,3.37,3.82,-1.54,2,3.36,-0.25,3.32,-0.07
201209,1.41,2.82,-1.18,1.53,4.79,4.76,1.61,6.39,3.55,6.03,3.54,5.77,1.04,9.93,1.5,1.1,11.33,4.22,6.26,2.76,6.98,4.97,0.78,4.22,-0.25,1.84,3.07,3.31,3.7,3
201210,0.09,-2.64,-2.28,0.45,-0.4,0.89,-1.79,-5.23,-1.55,5.62,2.74,-1.51,-0.62,-5.25,-1.76,-0.56,-5.29,21.36,-7.02,0.42,-0.4,-3.83,-5.39,0.34,0.26,0.25,-2.26,-4.03,1.08,1.01
201211,3.55,-0.36,3.33,1.03,-1.53,-1.42,5.46,0.63,-0.41,0.06,3.04,0.12,4.38,1.22,5.59,1.81,-4.4,-12.86,-2.64,-2.56,-3.29,0.02,0.49,2.15,-0.05,4.33,0.49,1.82,-0.49,-0.65
201212,0.34,2.72,-4.94,5,7.1,2.47,-0.33,-0.7,3.36,2.88,4.87,6.27,4.82,2.46,5.05,3.55,2.36,3.36,1.53,0.63,1.92,3.25,4,3.52,4.56,2.46,-0.13,3.76,2.84,1.46
201301,5.49,3.34,4.73,6.44,5.59,8.51,7.14,9.1,10.01,10.51,9.43,5.17,9.14,8.8,8.57,6.59,-2.16,-3.95,7.6,5.11,8.47,6.76,6.06,5.15,9.82,6.17,6.43,3.49,8.23,5.06
201302,1.19,6.39,1.27,1.58,-0.69,2.12,-0.75,-0.28,-1.51,6.78,2.12,-1.56,1.26,0.04,-0.36,1.62,-8.53,-6.14,-1.62,2.2,-1.35,1.46,1.35,3.2,4.08,0.74,0.25,2.27,2.65,2.66
201303,6.6,8.15,3.32,5.87,4.5,4.75,3.47,5.19,1.93,10.68,4.91,1.52,2.32,3.97,4.66,5.22,-1.47,-1.5,2.09,5.25,7.24,4.57,2.9,6.99,6.6,3.83,5.82,5.14,4.31,5.66
201304,0.23,2.52,4.67,5.21,-0.31,-0.31,6.52,1.11,-3.04,0.79,-3.49,-3.35,-0.3,-0.76,-0.65,-0.52,-15.66,4.82,-4.66,4.36,6.27,-0.94,-0.88,-1.99,-2.76,-0.76,2.49,2.98,-0.14,1.75
201305,3.67,2.52,-1.18,3.6,14.52,1.51,5.86,4.5,6.19,4.7,4.53,5.46,6.93,6.95,9.79,1.45,3.02,8.91,5.1,-4.75,5.02,5.09,6.38,2.86,9.94,3.39,6.95,4.45,4.03,1.14
201306,2.12,2.72,0.54,-0.27,1.96,-0.87,-1.12,-1.26,-4.1,4.49,-4.17,-5.3,-1.13,2.37,-1.06,1.65,-11.53,-18.84,-2.43,0.14,4.2,1.79,-0.14,0.54,0.74,-1.56,-0.1,2.89,0.95,-1.02
201307,4.58,0.65,1.07,5.97,14.15,0.87,5.35,10.77,9.02,10.56,3.29,6.95,5.65,8.2,9.46,7.15,9.35,4.41,7.18,5.92,9.07,7.86,7.64,6.77,6.55,7.8,6.35,2.3,7.3,6.63
201308,-2.53,7.53,-2.92,1.05,-0.33,-4.04,-4.66,-1.74,-0.83,0.51,-1.32,-2.2,-0.28,-2.91,-0.78,-2.19,2.13,2.18,-1.72,-5.53,-3.36,0.03,-2.29,2.08,-3.77,-2.77,-5.03,-2.15,-3.03,-2.77
201309,1.87,10.54,4.66,6.44,4.86,7.87,5.86,9.18,6.85,5.79,7.13,6.72,7.5,8.62,9.39,7.73,-6.14,-5.24,5.46,2.56,7.07,5.69,5.95,3.89,7.77,6.92,4.82,4.48,3.82,4.72
201310,3.24,5.49,6.19,3.55,3.97,2.12,1.66,-1.86,2.86,5.07,4.47,7.25,2.71,9.15,2.58,5.98,-2.55,-1.33,6.33,3.53,3.34,2.6,2.35,4.58,2.91,3.03,2.34,3.8,2.69,3.39
201311,2.8,-0.46,-0.7,0.74,3.91,5.48,5.7,8.34,2.85,4.49,3.56,3.45,4.87,5.29,3.5,8.08,-2.56,-4.81,-1.67,-0.47,4.47,3.8,4.61,2.56,5.87,4.03,3.27,3.25,4.84,2.31
201312,2.66,0.72,1.9,4,8.76,0.48,-0.01,4.06,3.28,1.67,3.68,5.21,4.78,6.51,2.82,5.96,3.15,8.29,1.17,1.66,5.13,3.68,3.34,1.3,3,4.66,-0.46,1.05,1.41,1.78
201401,-2.7,2.73,-3.07,1.17,-3.84,-4.96,-7.43,9.22,-1.88,-2.47,0.03,-4.14,-3.9,-1.02,-1.52,-2.51,6.19,-7.26,-2.17,1.29,-0.34,0.48,2.3,7.55,-1.28,-0.79,-8.63,-3.95,-2.54,-1.71
201402,4.61,6.85,4.32,2.87,8.6,5.61,5.1,5.96,7.91,3.11,4.17,1.85,4.85,12.83,8.21,6.97,12.01,-0.45,6.6,3.47,3.19,3.9,4.79,5.41,2.67,4.42,4.22,5.93,3.14,1.6
201403,2.52,6.17,7.18,-0.6,2.36,1.21,1.88,-4,5.01,-0.13,-2.57,3.11,0.88,5.98,2.82,0.01,-6.8,-7.32,2.41,2.49,-0.27,-2.56,-0.32,0.01,2.77,2.82,-0.93,0.47,1.76,-0.05
201404,-3.01,-4.15,5.18,-6.53,-2.91,-2.04,-3.38,-7.82,-2.26,-2.52,-6.38,-4.39,-2.63,-7.3,-2.33,0.74,-1.72,1.78,4.95,1.94,-4.83,-5.87,-5.7,-2.8,0.89,-2.96,-2.27,-3.87,-2.54,-3.2
201405,3.2,-0.11,3.35,1.8,-0.58,-0.48,-1.69,0.87,0.89,-0.69,-0.65,-4.51,-0.23,-0.83,0.88,2.26,-2.64,-12.31,-0.69,0.7,2.28,-0.13,-0.37,0.62,2.56,-1.7,-0.96,1.66,0.46,-1.52
201406,1.71,3.92,-0.09,1.05,8.33,1.31,0.47,7.32,2.59,2.88,3.68,5.04,4.78,3.19,4.91,0.68,13.19,8.86,8.1,5.16,1.58,4.66,5.72,3.41,3.36,2.84,1.5,3,3.5,4.58
201407,-5.29,-1.28,-2.98,-5.79,-4.05,-1.45,-0.62,-6.96,-3.36,-5.65,-8.09,-0.36,-6.8,-6.15,-5.85,-3.4,-2.08,6.16,-8.1,-6.63,-3.07,-4.79,-5.24,-3.49,-3.57,-4.69,-4.82,-4.8,-2.57,-6.27
201408,6.54,8.09,6.25,10.15,2.96,3.46,2.88,4.69,4.67,6.56,9.45,3.42,4.55,4.7,4.22,8.03,-2.11,9.07,1.44,5.83,-0.7,2.61,5.07,3.55,3.57,5.18,5.28,2.31,3.37,2.9
201409,-1.96,7.1,1.61,-3.13,-8.88,-0.81,-4.88,-4.92,-10.75,-5.23,-8.27,-8.37,-6.63,-7.69,-10.06,-2.61,-15.68,-18.57,-12.81,-4.83,-5.64,-3.4,-4.99,-5.91,-2.45,-5.56,-5.59,2.99,-2.59,-1.86
201410,4.81,3.59,4.39,1.2,5.27,4.25,0.99,5.12,-0.16,1.7,4.03,0.68,2.47,2.68,6.85,2.27,-14.97,-7.5,-14.79,8.96,3.92,2.8,1.59,8.01,5.89,2.56,2.84,4.41,4.96,1.41
201411,1.15,2.66,1.49,1.99,1.88,-1.32,7.52,0.53,-1.17,1.32,-0.4,-5.3,-2.33,-3.51,0.65,-0.8,2.24,6.99,-20.05,-0.53,0.67,1.12,2.04,0.82,4.01,-2.39,4.58,4.38,0.29,-1.44
201412,0.91,-0.17,-1.61,-0.37,3.32,0.42,-0.47,5.27,-0.31,7.11,1.76,-3.71,-0.14,-0.71,0.97,-0.87,-4.3,-20.5,-9.49,2.96,-0.87,3.01,2.98,2.79,2.26,1.76,1.81,1.73,3.33,0.32
201501,-2.21,-0.3,4.26,-2.4,-1.04,-2.57,-0.81,2.73,-5.24,-2.19,-6.88,-9.43,-7.8,-5.99,-6.52,-1.4,1.8,-22.58,-8.32,0.64,-3.76,-4.66,-2.2,-4.71,-5.2,-5.71,-2.87,2.68,-5.46,-0.94
201502,4.09,-3.42,5.79,6.31,5.16,6.57,4.18,9.25,10.54,11.13,6.64,12.96,6.81,7.17,8.58,6.48,-0.51,16.18,12.54,-2.63,6.38,7.23,6.67,6.06,6,3.2,5.95,5.04,4.56,4.78
201503,1.75,1.58,-6.73,0.78,2.51,-0.93,2.33,1.09,-0.63,5.69,1.09,-3.21,-1.84,0.91,0.24,0.81,-7.55,-20.17,-8.1,-0.12,0.77,-1.11,-1.62,1.59,-1.23,0.78,3.35,-1.49,2.17,0.76
201504,-0.92,-0.69,4.99,3.67,-4.08,0.24,-1.93,-4.16,1.65,-0.5,-1.75,8.2,1.3,0.78,-0.99,-4.94,12.8,-1.11,16.74,0.34,12.38,-0.33,-1.24,-3.64,-1.8,-0.37,-3.58,-1.16,0.02,1.04
201505,2.96,3.79,1.91,-0.49,1.22,0.67,-3.16,5.4,2.19,0.42,-0.84,-7.94,-1.4,-0.48,-0.59,-0.25,-3.07,-23.03,-7.38,-0.77,0.29,1.26,2.84,-1.25,-1.4,0.04,-0.85,1.42,1.05,0.6
201506,0.41,-3.96,0.08,-1.7,-2.49,0.59,0.24,2.56,-2.47,6.95,0.23,-1.99,-1.24,-2.9,-2.93,-2.97,-11.36,-32.02,-7.38,-5.19,-2.09,0.11,-2.09,0.51,-2.33,0.06,-0.2,0.89,2.83,-1.48
201507,0.58,-1.36,10.18,-2.83,-4.17,-2.88,-1.6,-0.41,-7.19,-2.54,-2.47,-11.77,-8.59,-4.87,-4.6,-3.28,-14.72,-31.85,-20.87,2.79,-1.41,-3.14,-4.89,-3.11,-0.81,-4.19,-1.95,1.63,0.17,-3.65
201508,-3.38,-5.18,-4.11,-4.64,-6.57,-5.75,-2.6,-7.17,-7.55,-3.47,-3.38,-5.79,-1.16,-4.33,-4.82,-2.05,-2.72,80.02,0.57,-3.38,-5.78,-6.19,-5.01,-5.72,-6.61,-2.3,-5.16,-10.11,-3.27,-5.13
201509,-2.85,-2.29,2.79,-6.81,-4.49,-3.62,-5.46,-11.5,-10.12,-4.43,-6.38,-15.01,-9.39,-7.71,-7.7,-8.65,-10.22,-36.36,-17.36,0.9,-0.11,-3.73,-3.22,-4.72,-7.24,-6.47,-6.59,-3.79,-0.74,-4.71
201510,5.55,6.16,9.75,10.95,11.86,5.87,-3.79,2.88,12.33,1.63,5.08,0.84,7.55,7.66,8.1,9.09,3.6,-26.13,10.84,3.09,6.02,6.25,6.18,11.53,4.45,8.22,2.09,-1.98,3.97,5.43
201511,0.47,3.29,-1.45,-4.73,0.77,-2.29,-4.9,7.64,-0.96,-2.17,3.94,-3.21,2.28,-0.15,3.9,1.66,-5.84,-0.99,-2.62,-2.16,-2.7,2.84,3.12,-0.73,-1.52,1.45,-3.36,-1.68,3.3,0.47
201512,-1.07,5.64,-0.21,-1.97,-7.36,-4.02,-2.73,-5.75,-8.37,-4.96,-5.28,-4.47,-6.12,-0.6,-9.41,-4.02,-7.61,-26.04,-17.81,-0.03,-4.26,-4.83,-2.73,-5.2,-8.86,-7.27,-2.11,-2.74,-3.03,-0.86
201601,-2.44,-5.4,3.62,-9.97,-5.62,-4.83,1.87,-18.52,-12.53,-7.46,-10.55,-10.78,-6.15,-10.44,-14.45,-8.89,-6.22,-11.66,-13.28,4.22,-6.3,-9.75,-6.84,-10.75,-8.73,-9.91,-7.49,-4.27,-6.97,-6.31
201602,0.75,-0.94,0.62,1.58,-0.42,4.4,5.09,-3.04,3.47,0.09,1.27,6.33,4.04,1.12,8.61,-0.43,18.43,-4.4,-11.27,0.89,1.79,-0.67,2.06,2.07,4.39,4.12,4.14,4.13,-0.75,1.57
201603,3.57,5.72,3.06,9.77,6.81,7.79,5.38,7.56,12.15,4.8,14.32,16.91,12.38,4.44,10.16,4.02,13.68,-2.7,25.31,8.46,4.55,7.09,6.81,10.72,11.46,13.17,6.83,3.21,5.44,7.32
201604,2.6,-1.72,-1.69,-0.23,6.05,0.81,-0.58,5.13,8.25,3.28,1.77,10.78,5.44,4.76,2.54,4.86,23.84,15.29,20.36,2.91,2.48,1.92,0.02,2.98,1.44,3.88,-1.4,-1.85,4.03,0.75
201605,0.13,5.12,0.41,2.09,5.17,-3.32,-5.59,1.31,-0.78,-3.75,3.54,-9.77,-0.03,-0.46,-0.56,-1.74,-5.85,-2.65,-7.47,2.45,0.53,3.76,1.8,0.37,-6.28,-1.42,-5,-1.31,1.92,-0.58
201606,5.85,5.83,7.25,2,1.84,2.09,3.14,-4.43,-0.54,-0.33,-0.45,-0.89,-0.1,-0.65,-4.37,-0.73,19.23,0.89,1.05,7.27,1.77,2.94,-1.47,-0.49,-4.18,1.85,1.04,-1.41,-2.52,3.91
201607,10.37,5.92,-0.47,5.37,5.66,8.17,6.42,6.05,8.03,6.67,7.39,13.22,6.46,8.97,9.06,3.52,15.68,29.84,-2.42,-0.77,1.75,5.93,9,5.95,8.51,4.01,6.54,1.74,4.44,3.87
201608,0.67,5.79,3.07,2.67,2.97,7.24,-2.19,0.89,6.54,5.16,1.43,-1.87,4.12,2.53,5.01,0.48,-7.82,0.14,7.83,-3.74,-0.34,1.35,3.23,2.45,-1.46,1.63,0.39,-1.39,4.63,1.66
201609,-2.29,-2.29,-4.02,3.35,-2.18,4.79,-3.79,7.93,0.12,0.57,0,4.03,1.61,0.49,4.5,1.86,2.5,12.46,5.25,1.51,0.78,1.22,2.64,-0.55,0.57,-0.2,-1.63,-4.69,0.74,1.03
201610,-1.19,-3.94,5.83,-2.49,-9.11,-4.98,-6.89,-13.66,-1.85,-7.22,-5.39,-2.54,-5.62,-9.61,-4.13,-2.8,-5.85,-4.68,-8.48,-0.03,-4.63,-4.73,-4.8,-3.43,-4.32,-6.67,-3.58,-2.09,-0.81,-3.97
201611,0.38,1.39,1,4.94,10.58,0.59,6.35,5.28,11.9,3.93,13.89,25.11,14.48,6.72,12.33,15.61,9.98,42.62,18.3,1.45,5.87,5.74,7.06,6.7,21.49,11.43,8.63,9.9,12.96,10.42
201612,3.71,2.31,0.09,1.18,0.77,0.93,-2.17,-2.62,-1.36,4.64,3.98,-0.02,1.52,-3.59,3.67,0.4,1.84,-9.37,2.75,4.13,4.02,0.96,1.46,3.01,3.73,4.83,-0.44,3.43,6.91,0.17
201701,-0.42,-1.41,6.51,1.39,0.53,-1.31,-0.81,4.85,1,-3.76,2.58,6.43,4.17,1.55,-0.15,0.47,17.18,-0.61,0.7,0.39,3.2,2.99,4.07,1.55,1.4,0,-5.2,-1.95,-0.45,0.62
201702,0.8,5.7,5.14,1.7,-1.66,-0.1,4.08,6.37,2.02,2.3,-0.61,1.21,0.83,0.11,0.51,5.15,-6,-11.58,-6.32,3.12,-0.33,1.09,3.32,-3.12,-0.89,0.52,-1.45,-2.39,2.62,0.58
201703,1.91,5.81,5.49,2.98,-2.96,-1.36,-0.45,2.14,3.43,1,1.95,-4.39,1.81,2.46,0.73,-2.52,-5.19,-2.12,-5.12,1.61,0.63,1.65,2.2,0.24,-5.49,-1.05,-1.14,5.57,-1.23,1.47
201704,0.24,2.32,0.59,0.79,1.58,4.8,-1.4,-3.11,1.29,1.91,0.37,-0.86,2,-1.82,2.21,2.38,-6.25,-19.63,-6.97,0.87,6.26,2.79,0.58,1.65,0.14,1.47,1.53,2.36,0.57,-0.8
201705,-1.99,4.65,5.85,-0.45,-2.89,-5.27,0.3,-4.94,-3.35,2.13,-4.78,-5.96,-0.58,-1.62,2.76,3.27,-2.18,-8.08,-7.95,1.83,-4.04,1.62,1.51,-1.51,-6.06,-2.61,-5.99,-1.02,-2.56,-0.51
201706,-0.44,-3.48,-2.83,2.19,1.94,5.52,7.45,10.28,0.58,2.46,5.84,5.01,-0.39,2.56,3.72,3.13,2.32,-3.27,-0.92,-0.94,0.37,2.28,0.77,1.07,6.36,1.03,-0.09,-2.06,5.18,0.98
201707,-1.3,4.44,-4.29,0.99,-0.45,-0.56,0.51,-2.71,-0.74,-2.54,-1.08,-0.71,1.27,1.92,-1.22,-0.14,3.6,5.73,1.3,3.24,3.25,0.13,2.28,-0.42,-1.55,-1.25,-1.97,-5.65,0.52,-0.68
201708,-1.86,-1.55,3.11,-1.86,-4.99,-5.21,-1.23,1.29,-5.28,1.1,-2.57,-0.1,-3.94,-5.43,0.45,2.07,-1.16,-3.39,-9.06,1.3,0.7,-0.31,-2.3,-0.64,2.75,-4.64,-4.92,-2.04,-2.35,-2.82
201709,2.69,0.62,-1.41,6.38,4.67,7.2,3.46,8.35,8.36,7.63,9.47,6.52,11.87,8.78,11.08,7.32,0.87,0.33,15.46,-0.65,-0.2,7.05,5.68,6.17,11.17,7.72,7.61,4.99,7.03,2.46
201710,-1.7,2.53,-0.51,-2.24,0.18,-1.06,-0.31,-2.34,4.3,1.29,4.63,-0.52,3.01,5.36,2.66,2.9,-7.87,-2.2,-3.77,3.25,-3.13,2.22,0.55,0.22,-1.11,-0.12,-5.74,-1.6,1.14,-1.84
201711,4.38,3.21,1.23,6.66,8.96,2.19,6.09,2.5,1.03,6.11,7.75,-0.45,1.58,2.9,4.27,0.26,3.02,2.68,3.72,2.7,0.94,2.09,2.47,6.97,5.77,3.17,11.52,6.5,3.32,0.28
201712,6.03,3.29,10.42,1.64,-0.24,0.25,5.91,1,-1.04,0.29,1.78,9.38,2.14,0.84,-3.06,1.93,5.78,12.43,7.59,-4.99,4.07,0.73,0.39,2.34,-1.79,3.85,4.48,1.71,-0.8,0.76
201801,1.23,-0.19,1.37,3.89,5.76,-2.67,5.57,6.89,-0.85,-1.19,-1.55,3.1,1.76,2.47,1.81,3.12,0.56,5,0.95,-3.7,2.12,5.58,3.05,0.89,2.53,2.89,0.1,4.26,2.49,0.62
201802,-4.72,-4.6,-6.31,-3.91,-2.92,-1.55,-2.17,-3.56,-5.02,-7.49,-8.88,-2.02,-5.77,-7.08,-6.83,-4.09,-9.8,-10.2,-10.82,-5.15,-3.18,-1.04,-3.18,-8.65,-6.88,-6.62,-4.88,-1.26,-2.59,-5.55
201803,-3.39,3.61,-3.22,-0.53,-0.03,-1.2,5.8,0.22,2.34,-1.77,1.33,-1.43,2.07,2.64,-2.69,-0.74,-1.8,-13.96,1.78,5.13,-1.96,0.34,1.05,-3.43,0.77,3.36,0.2,1.62,1.69,1.26
201804,0.43,1.41,-6.1,4.88,1.07,-2.8,1.11,-0.21,-0.34,-3.47,-1.57,5.77,-1.55,-3.44,-4.72,0.54,5.56,-1.15,11.02,3.47,-1.23,1.95,-1.33,-1.95,1.64,-1.1,2.87,3.39,0.95,-1.48
201805,1.7,-2.16,7.99,11.13,-0.86,3.21,5.89,7.55,4.31,-2.02,7.28,6.57,4.39,7.02,2.81,6.66,1.62,13.14,6.95,1.77,-2.61,5.44,5.75,2.35,8.17,4.87,4.3,1.54,2.99,3.72
201806,5.13,4.49,8.01,3.53,2.59,3.06,15.22,-2.48,-0.31,-2.22,-0.25,-0.04,-1.51,-1.34,-1.31,-0.5,-3.81,-1.44,6.43,1.95,7.41,1.01,0.84,0.89,0.37,-0.34,6.62,3.86,-0.21,3.76
201807,-0.4,-3.61,5.03,1.19,-3.84,-0.84,1.3,-1.3,2.22,-3.63,1.23,6.32,3.72,1.21,0.17,4.06,-3.82,-3.9,-1.96,1.36,-0.36,0.21,1.17,3.81,3.06,3.09,-0.81,-1.25,1.11,-3.48
201808,3.02,1,-3.14,4.89,-2.11,3.62,3.66,5.91,-2.72,1.24,-1.19,-0.06,0.03,0.57,0.14,2.6,-11.92,0.67,-5.08,0.9,7.11,6.71,6.78,2.52,0.57,2.93,6.34,5.86,1.98,5.42
201809,1.43,1.29,11.29,-1.09,-1.99,-1.99,-1.65,-1.22,-3.1,-5.18,-4.09,2.06,-0.41,-4.12,-4.62,5.85,-4.37,-2.38,1.45,-0.08,1.94,-2.29,-3.74,-0.82,0.5,-0.03,-3.83,-0.59,-2.27,-2.13
201810,-1.46,-1.41,4.99,-10.51,-8.06,-9.64,-4.95,-14.43,-11.97,-18.49,-12.11,-14.78,-14.37,-11.37,-13.68,-12.02,-10.56,-0.74,-16.68,-1.55,-5.12,-9.41,-10.94,-12.13,-11.52,-9.96,-7.72,-8.95,-7.31,-9.22